{
	"class_name" : "PinholeCameraParameters",
	"extrinsic" : 
	[
		0.6739826579275765,
		0.52736173084437488,
		-0.51733642985363471,
		0.0,
		0.49009025649584914,
		-0.84318156725184656,
		-0.22103480525598829,
		0.0,
		-0.55277383919710998,
		-0.10456791806067943,
		-0.82674459974755365,
		0.0,
		-1.1200584753041012,
		-0.17741707457783684,
		1.6951692493962824,
		1.0
	],
	"intrinsic" : 
	{
		"height" : 1017,
		"intrinsic_matrix" : 
		[
			880.74783564877418,
			0.0,
			0.0,
			0.0,
			880.74783564877418,
			0.0,
			959.5,
			508.0,
			1.0
		],
		"width" : 1920
	},
	"version_major" : 1,
	"version_minor" : 0
}